{"cameraMode":{"drawMode":0,"name":"Shaded","section":"Shading Mode"},"sceneLighting":false,"audioPlay":false,"sceneViewState":{"showFog":true,"showMaterialUpdate":false,"showSkybox":false,"showFlares":true,"showImageEffects":true,"showParticleSystems":true},"in2DMode":false,"pivot":{"x":-0.14346322417259217,"y":0.5350000262260437,"z":-2.9802322387695315e-8},"rotation":{"x":-0.17561298608779908,"y":0.46854040026664736,"z":-0.09561511129140854,"w":-0.8605266213417053},"size":0.42103543877601626,"orthographic":false}