{"cameraMode":{"drawMode":0,"name":"Shaded","section":"Shading Mode"},"sceneLighting":false,"audioPlay":false,"sceneViewState":{"showFog":true,"showMaterialUpdate":false,"showSkybox":false,"showFlares":true,"showImageEffects":true,"showParticleSystems":true},"in2DMode":false,"pivot":{"x":1.9500000476837159,"y":1.1556503772735596,"z":-5.032778739929199},"rotation":{"x":0.17324988543987275,"y":0.4759271442890167,"z":-0.09622728079557419,"w":0.8568676114082336},"size":1.4698843955993653,"orthographic":false}